Product Name,Launch Year,Status,What it does?,Companies,Team Size,Budget Usage (%),Issues Reported,Risk Level,Outcome,Budget ($K),Sprint Velocity,Burn-down Score,Adoption,Retention,Churn,Bug Severity Score,Deployment Frequency,OPEX/CAPEX,Forecast Accuracy,Encoded labels,Synthetic correlations
Amazon.com,1994,Active,E-commerce platform,Amazon,9,57,1,Low,Critical,4765,90,95,68.4,98,2,1.5,4,4.765,57,0,9
Amazon Prime,2005,Active,Subscription service offering various benefits,Amazon,17,102,3,Low,On Track,3709,170,85,122.4,94,6,4.5,8,3.709,98,2,51
Amazon Web Services (AWS),2006,Active,Cloud computing platform,Amazon,13,109,8,High,Critical,3653,130,60,130.8,84,16,12,6,3.653,91,0,104
Kindle,2007,Active,E-reader for electronic books,Amazon,10,54,5,Medium,Delayed,1553,100,75,64.8,90,10,7.5,5,1.553,54,1,50
Amazon Echo,2014,Active,Smart speaker with virtual assistant (Alexa),Amazon,9,117,0,Low,On Track,4933,90,100,140.4,100,0,0,4,4.933,83,2,0
Amazon Fire TV,2014,Active,Streaming media player and smart TV platform,Amazon,13,55,7,Medium,Delayed,3456,130,65,66,86,14,10.5,6,3.456,55,1,91
Amazon Fire Tablet,2011,Active,Tablet computer,Amazon,13,96,14,High,Delayed,615,130,30,115.2,72,28,21,6,0.615,96,1,182
Audible,1995,Active,Audiobook and spoken-word entertainment,Amazon,6,104,11,Medium,Critical,138,60,45,124.8,78,22,16.5,3,0.138,96,0,66
Amazon Fresh,2007,Active,Grocery delivery and pickup service,Amazon,10,89,13,Medium,Delayed,3442,100,35,106.8,74,26,19.5,5,3.442,89,1,130
Amazon Pantry,2014,Active (Limited),Grocery and household items delivery,Amazon,5,101,6,High,Critical,986,50,70,121.2,88,12,9,2,0.986,99,0,30
Amazon Music,2007,Active,Music streaming service,Amazon,4,65,9,Low,On Track,,40,55,78,82,18,13.5,2,2.944,65,2,36
Amazon Prime Video,2006,Active,Video streaming service,Amazon,14,62,2,Low,Critical,2304,140,90,74.4,96,4,3,7,2.304,62,0,28
Amazon Studios,2010,Active,Film and television production,Amazon,8,79,0,Medium,On Track,1198,80,100,94.8,100,0,0,4,1.198,79,2,0
Whole Foods Market,1980,Active,Supermarket chain acquired by Amazon,Amazon,4,68,4,High,Critical,1923,40,80,81.6,92,8,6,2,1.923,68,0,16
Zappos,1999,Active,Online shoe and clothing retailer,Amazon,3,66,12,Low,Delayed,3301,30,40,79.2,76,24,18,1,3.301,66,1,36
Twitch,2011,Active,Live streaming platform for gamers,Amazon,14,112,3,Medium,Critical,3255,140,85,134.4,94,6,4.5,7,3.255,88,0,42
Ring,2013,Active,Smart home security products,Amazon,14,68,9,Medium,Critical,3193,140,55,81.6,82,18,13.5,7,3.193,68,0,126
PillPack,2013,Active,Online pharmacy,Amazon,19,107,7,Low,On Track,3630,190,65,128.4,86,14,10.5,9,3.63,93,2,133
Goodreads,2007,Active,Social cataloging website for books,Amazon,12,104,0,Medium,Delayed,3878,120,100,124.8,100,0,0,6,3.878,96,1,0
IMDb,1990,Active,"Online database of information related to films, television programs, and video games",Amazon,18,111,9,High,Critical,2996,180,55,133.2,82,18,13.5,9,2.996,89,0,162
Amazon Go,2018,Active,Cashier-less convenience stores,Amazon,17,72,0,Medium,Delayed,3553,170,100,86.4,100,0,0,8,3.553,72,1,0
Amazon Air,2016,Active,Cargo airline for package delivery,Amazon,17,58,11,Medium,Critical,3611,170,45,69.6,78,22,16.5,8,3.611,58,0,187
Amazon Robotics,2003,Active,Automation technology for fulfillment centers,Amazon,14,61,3,Low,Critical,1088,140,85,73.2,94,6,4.5,7,1.088,61,0,42
Amazon Fashion,2002,Active,Fashion retail platform,Amazon,5,50,7,Medium,Delayed,4216,50,65,60,86,14,10.5,2,4.216,50,1,35
Amazon Pharmacy,2020,Active,Online prescription medication ordering and delivery,Amazon,7,107,4,Low,Critical,4126,70,80,128.4,92,8,6,3,4.126,93,0,28
Amazon Sidewalk,2019,Active,Neighborhood network for smart devices,Amazon,9,50,1,Low,Delayed,4279,90,95,60,98,2,1.5,4,4.279,50,1,9
Amazon Luna,2020,Active,Cloud gaming service,Amazon,11,83,5,Medium,Critical,1782,110,75,99.6,90,10,7.5,5,1.782,83,0,55
Amazon Pharmacy,2020,Active,Online prescription medication ordering and delivery,Amazon,9,97,4,Low,On Track,4765,90,80,116.4,92,8,6,4,4.765,97,2,36
Amazon Business,2015,Active,B2B e-commerce platform,Amazon,6,50,1,Low,Delayed,4063,60,95,60,98,2,1.5,3,4.063,50,1,6
Amazon Dash,2014,Discontinued,Branded buttons for quick reordering of products,Amazon,16,65,12,Medium,Critical,1033,160,40,78,76,24,18,8,1.033,65,0,192
Amazon Dash Wand,2017,Discontinued,Handheld barcode scanner and voice assistant,Amazon,11,110,13,Low,Critical,3698,110,35,132,74,26,19.5,5,3.698,90,0,143
Amazon Game Studios,2012,Active,Video game development and publishing,Amazon,4,113,10,Low,On Track,3333,40,50,135.6,80,20,15,2,3.333,87,2,40
Amazon Key,2017,Active,In-home and in-car package delivery,Amazon,17,112,10,Medium,Delayed,2080,170,50,134.4,80,20,15,8,2.08,88,1,170
Amazon Music Unlimited,2016,Active,Premium music streaming service,Amazon,9,118,10,Medium,Critical,1955,90,50,141.6,80,20,15,4,1.955,82,0,90
Amazon Halo,2020,Active,Health and wellness tracking,Amazon,14,71,2,Low,On Track,3156,140,90,85.2,96,4,3,7,3.156,71,2,28
Amazon Pharmacy (acquired PillPack),2018,Active,Online pharmacy and prescription delivery,Amazon,10,116,14,High,Critical,892,100,30,139.2,72,28,21,5,0.892,84,0,140
Yandex Search,1997,Active,Search engine,Yandex,17,75,8,Low,Delayed,891,170,60,90,84,16,12,8,0.891,75,1,136
Yandex.Mail,2001,Active,Email service,Yandex,5,65,6,Medium,Critical,1909,50,70,78,88,12,9,2,1.909,65,0,30
Yandex.Maps,2004,Active,Mapping and navigation,Yandex,16,100,6,Medium,Critical,2355,160,70,120,88,12,9,8,2.355,100,0,96
Yandex.Translate,2010,Active,Language translation service,Yandex,19,106,14,High,Critical,3710,190,30,127.2,72,28,21,9,3.71,94,0,266
Yandex.Disk,2012,Active,Cloud storage service,Yandex,6,78,10,Medium,Critical,1707,60,50,93.6,80,20,15,3,1.707,78,0,60
Yandex.Taxi,2011,Active,Ride-hailing and food delivery service,Yandex,10,118,5,Medium,On Track,1084,100,75,141.6,90,10,7.5,5,1.084,82,2,50
Yandex.Navigator,2012,Active,Navigation app,Yandex,6,96,7,Medium,On Track,3776,60,65,115.2,86,14,10.5,3,3.776,96,2,42
Yandex.Music,2010,Active,Music streaming service,Yandex,4,111,3,Low,Delayed,3480,40,85,133.2,94,6,4.5,2,3.48,89,1,12
Yandex.Images,2000,Active,Image search engine,Yandex,8,118,7,Low,On Track,619,80,65,141.6,86,14,10.5,4,0.619,82,2,56
Yandex.Video,2008,Active,Video hosting and streaming service,Yandex,12,65,3,Medium,On Track,690,120,85,78,94,6,4.5,6,0.69,65,2,36
Yandex.News,2000,Active,News aggregator,Yandex,6,97,7,Low,Delayed,1150,60,65,116.4,86,14,10.5,3,1.15,97,1,42
Yandex.Translate,2010,Active,Language translation service,Yandex,14,88,8,Medium,On Track,3733,140,60,105.6,84,16,12,7,3.733,88,2,112
Yandex.Drive,2011,Active,Cloud storage and file synchronization,Yandex,4,82,2,Low,On Track,4544,40,90,98.4,96,4,3,2,4.544,82,2,8
Yandex.Toloka,2015,Active,Crowdsourcing platform for tasks,Yandex,12,72,2,Medium,Delayed,1059,120,90,86.4,96,4,3,6,1.059,72,1,24
Yandex.Direct,2001,Active,Online advertising platform,Yandex,6,59,10,Low,Delayed,792,60,50,70.8,80,20,15,3,0.792,59,1,60
Yandex.Market,2000,Active,Online marketplace and price comparison platform,Yandex,16,118,12,Low,Delayed,3999,160,40,141.6,76,24,18,8,3.999,82,1,192
Yandex.Metro,2007,Active,Moscow Metro navigation app,Yandex,18,83,1,Medium,Critical,4573,180,95,99.6,98,2,1.5,9,4.573,83,0,18
Yandex.Weather,2010,Active,Weather information service,Yandex,17,101,12,Medium,Critical,3046,170,40,121.2,76,24,18,8,3.046,99,0,204
Yandex.Calendar,2011,Active,Online calendar service,Yandex,10,59,9,Medium,Delayed,626,100,55,70.8,82,18,13.5,5,0.626,59,1,90
Yandex.Translate,2010,Active,Language translation service,Yandex,16,68,2,Low,Delayed,3324,160,90,81.6,96,4,3,8,3.324,68,1,32
Yandex.Navigator,2012,Active,Navigation app,Yandex,10,107,2,Low,Delayed,2353,100,90,128.4,96,4,3,5,2.353,93,1,20
Yandex.Turbo,2009,Active,Web page acceleration service,Yandex,18,50,4,Medium,Critical,3444,180,80,60,92,8,6,9,3.444,50,0,72
Yandex.DNS,2011,Active,Domain Name System (DNS) service,Yandex,15,118,4,Low,Critical,4065,150,80,141.6,92,8,6,7,4.065,82,0,60
Yandex.Money,2002,Active,Online payment and electronic money service,Yandex,17,53,1,Medium,On Track,1975,170,95,63.6,98,2,1.5,8,1.975,53,2,17
Yandex.Tank,2010,Active,Load testing tool for web applications,Yandex,15,65,11,Medium,On Track,1863,150,45,78,78,22,16.5,7,1.863,65,2,165
Yandex.Lavka,2020,Active,Online grocery delivery service,Yandex,11,73,9,Medium,Delayed,620,110,55,87.6,82,18,13.5,5,0.62,73,1,99
Yandex.Telemost,2020,Active,Video conferencing platform,Yandex,17,51,12,Medium,Critical,1116,170,40,61.2,76,24,18,8,1.116,51,0,204
Yandex.Disk (for Business),2012,Active,Cloud storage and collaboration for businesses,Yandex,15,81,5,High,Critical,216,150,75,97.2,90,10,7.5,7,0.216,81,0,75
Yandex.Cloud,2018,Active,Cloud computing platform,Yandex,3,73,4,High,Critical,2533,30,80,87.6,92,8,6,1,2.533,73,0,12
Yandex.Station,2018,Active,Smart speaker with voice assistant (Alice),Yandex,9,61,5,Low,Delayed,683,90,75,73.2,90,10,7.5,4,0.683,61,1,45
Yandex.Taximeter,2011,Active,Mobile app for taxi drivers,Yandex,11,99,0,Low,On Track,494,110,100,118.8,100,0,0,5,0.494,99,2,0
Yandex.Maps (for Business),2008,Active,Mapping and navigation for businesses,Yandex,3,84,4,Low,Delayed,3888,30,80,100.8,92,8,6,1,3.888,84,1,12
Yandex Browser,2012,Active,Web browser with security features,Yandex,14,82,8,Low,On Track,2868,140,60,98.4,84,16,12,7,2.868,82,2,112
Yandex.Metrica,2008,Active,Web analytics service,Yandex,10,82,11,Medium,On Track,4267,100,45,98.4,78,22,16.5,5,4.267,82,2,110
Yandex Launcher,2015,Active,Android launcher,Yandex,13,110,9,High,Delayed,3960,130,55,132,82,18,13.5,6,3.96,90,1,117
Yandex.Zen,2015,Active,Content recommendation platform,Yandex,19,100,13,Low,On Track,373,190,35,120,74,26,19.5,9,0.373,100,2,247
Yandex.Eats,2017,Active,Food delivery service,Yandex,10,92,1,Low,On Track,2113,100,95,110.4,98,2,1.5,5,2.113,92,2,10
Yandex.Fuel,2014,Active,Fuel price comparison app,Yandex,5,61,0,Low,Critical,4533,50,100,73.2,100,0,0,2,4.533,61,0,0
Yandex.Mobilizatsiya,2015,Active,Fleet management and optimization,Yandex,5,116,13,Medium,On Track,1489,50,35,139.2,74,26,19.5,2,1.489,84,2,65
Yandex.Taxofon,2019,Active,Mobile app for business taxi,Yandex,3,114,9,Medium,Delayed,3666,30,55,136.8,82,18,13.5,1,3.666,86,1,27
WeChat,2011,Active,"Multi-purpose messaging, social media, and mobile payment app",Tencent,7,82,12,Low,Delayed,4802,70,40,98.4,76,24,18,3,4.802,82,1,84
QQ,1999,Active,Instant messaging platform,Tencent,12,89,10,High,On Track,265,120,50,106.8,80,20,15,6,0.265,89,2,120
Tencent Cloud,2010,Active,Cloud computing services,Tencent,9,92,8,Medium,Critical,1667,90,60,110.4,84,16,12,4,1.667,92,0,72
Tencent Video,2011,Active,Online video streaming platform,Tencent,11,93,9,Low,Critical,828,110,55,111.6,82,18,13.5,5,0.828,93,0,99
Tencent Music,2016,Active,Online music streaming and music services,Tencent,9,78,8,Medium,On Track,2143,90,60,93.6,84,16,12,4,2.143,78,2,72
Tencent Gaming,Various,Active,Various online and mobile games,Tencent,11,62,14,Medium,On Track,4297,110,30,74.4,72,28,21,5,4.297,62,2,154
Honor of Kings (Arena of Valor),2015,Active,Multiplayer online battle arena (MOBA) game,Tencent,10,61,8,Low,Delayed,3596,100,60,73.2,84,16,12,5,3.596,61,1,80
PUBG Mobile,2018,Active,Battle Royale mobile game,Tencent,14,,5,Low,On Track,878,140,75,114,90,10,7.5,7,0.878,95,2,70
WeGame,2017,Active,Digital distribution platform for PC and mobile games,Tencent,4,51,14,Low,Critical,313,40,30,61.2,72,28,21,2,0.313,51,0,56
Tencent Pictures,2015,Active,Film and television production and distribution,Tencent,3,84,7,Low,On Track,3862,30,65,100.8,86,14,10.5,1,3.862,84,2,21
Tencent News,2010,Active,News aggregation and content platform,Tencent,18,57,13,High,Delayed,1676,180,35,68.4,74,26,19.5,9,1.676,57,1,234
Tencent Sports,2016,Active,Sports content platform,Tencent,7,75,10,High,Delayed,2548,70,50,90,80,20,15,3,2.548,75,1,70
Tencent Maps,2011,Active,Mapping and navigation,Tencent,5,83,14,Low,Delayed,3036,50,30,99.6,72,28,21,2,3.036,83,1,70
Tencent AI Lab,2016,Active,Artificial intelligence research and development,Tencent,14,56,12,Low,Delayed,3217,140,40,67.2,76,24,18,7,3.217,56,1,168
Tencent Keen Security Lab,2016,Active,Cybersecurity research and development,Tencent,10,117,0,Low,Delayed,691,100,100,140.4,100,0,0,5,0.691,83,1,0
Tencent QQ Music,2003,Active,Online music streaming service,Tencent,5,107,9,Low,On Track,2820,50,55,128.4,82,18,13.5,2,2.82,93,2,45
Tencent Penguin Pictures,2014,Active,Film and television production,Tencent,3,78,3,High,On Track,813,30,85,93.6,94,6,4.5,1,0.813,78,2,9
Tencent Traveler,2012,Active,Web browser,Tencent,5,85,0,Low,On Track,1035,50,100,102,100,0,0,2,1.035,85,2,0
Tencent Video (International),2015,Active,International version of Tencent Video,Tencent,7,70,7,Low,On Track,4437,70,65,84,86,14,10.5,3,4.437,70,2,49
Tencent Weibo,2010,Active,Microblogging service,Tencent,17,85,0,Low,Delayed,101,170,100,102,100,0,0,8,0.101,85,1,0
Tencent Class,2020,Active,Online education platform,Tencent,16,59,2,Medium,Critical,2948,160,90,70.8,96,4,3,8,2.948,59,0,32
Tencent Meeting,2018,Active,Video conferencing platform,Tencent,5,73,12,Low,On Track,4144,50,40,87.6,76,24,18,2,4.144,73,2,60
Tencent Keen,2020,Active,Content discovery and curation platform,Tencent,3,113,3,Medium,Critical,2049,30,85,135.6,94,6,4.5,1,2.049,87,0,9
Tencent Docs,2018,Active,Online document collaboration,Tencent,7,98,14,Low,On Track,1017,70,30,117.6,72,28,21,3,1.017,98,2,98
Tencent Open Platform,2013,Active,Developer platform for third-party integrations,Tencent,16,85,14,Medium,On Track,3274,160,30,102,72,28,21,8,3.274,85,2,224
Tencent Trusted Doctors,2014,Active,Online healthcare platform,Tencent,9,73,14,Medium,Critical,2341,90,30,87.6,72,28,21,4,2.341,73,0,126
Tencent Myapp,2012,Active,Mobile app store,Tencent,11,72,7,Low,Delayed,189,110,65,86.4,86,14,10.5,5,0.189,72,1,77
Tencent Weiyun,2012,Active,Cloud storage service,Tencent,17,111,5,Low,On Track,1809,170,75,133.2,90,10,7.5,8,1.809,89,2,85
QQ Mail,1997,Active,Email service,Tencent,17,86,13,High,On Track,2269,170,35,103.2,74,26,19.5,8,2.269,86,2,221
Tencent QQ Browser,2008,Active,Web browser,Tencent,12,61,9,High,On Track,4338,120,55,73.2,82,18,13.5,6,4.338,61,2,108
Tencent Mimi,2020,Active,Short-form video platform,Tencent,15,104,11,Low,Critical,3141,150,45,124.8,78,22,16.5,7,3.141,96,0,165
Tencent Mina,2020,Active,Social networking app,Tencent,9,62,6,Low,Delayed,205,90,70,74.4,88,12,9,4,0.205,62,1,54
Tencent Pitu,2014,Active,Photo editing and sharing app,Tencent,19,72,13,High,Critical,986,190,35,86.4,74,26,19.5,9,0.986,72,0,247
Tencent VooV,2018,Active,Video conferencing and communication platform,Tencent,6,79,7,Medium,Critical,527,60,65,94.8,86,14,10.5,3,0.527,79,0,42
Windows,1985,Active,Operating system for personal computers,Microsoft,7,66,1,Low,Delayed,1995,70,95,79.2,98,2,1.5,3,1.995,66,1,7
Microsoft Office,1989,Active,"Productivity suite including Word, Excel, PowerPoint",Microsoft,9,111,12,High,Critical,416,90,40,133.2,76,24,18,4,0.416,89,0,108
Azure,2010,Active,Cloud computing platform,Microsoft,15,62,9,Low,Delayed,734,150,55,74.4,82,18,13.5,7,0.734,62,1,135
Microsoft Edge,2015,Active,Web browser,Microsoft,17,108,13,Medium,On Track,2025,170,35,129.6,74,26,19.5,8,2.025,92,2,221
Microsoft Teams,2017,Active,"Collaboration platform for chat, video, and file sharing",Microsoft,13,68,10,Low,Delayed,2156,130,50,81.6,80,20,15,6,2.156,68,1,130
Microsoft 365,2011,Active,Cloud-based subscription service with Office apps,Microsoft,6,98,7,Low,On Track,3244,60,65,117.6,86,14,10.5,3,3.244,98,2,42
Xbox,2001,Active,Gaming console and gaming services,Microsoft,15,61,2,Low,Critical,2370,150,90,73.2,96,4,3,7,2.37,61,0,30
Outlook,2012,Active,Email and personal information manager,Microsoft,9,110,6,Medium,Critical,1539,90,70,132,88,12,9,4,1.539,90,0,54
OneDrive,2007,Active,Cloud storage service,Microsoft,4,68,2,Low,On Track,652,40,90,81.6,96,4,3,2,0.652,68,2,8
Skype,2003,Active,"Video and voice calling, instant messaging",Microsoft,12,58,14,Low,Critical,815,120,30,69.6,72,28,21,6,0.815,58,0,168
Microsoft Dynamics,2001,Active,Enterprise resource planning (ERP) and customer relationship management (CRM),Microsoft,15,77,6,Low,Delayed,4011,150,70,92.4,88,12,9,7,4.011,77,1,90
Visual Studio,1997,Active,Integrated development environment (IDE),Microsoft,8,101,13,Medium,On Track,1813,80,35,121.2,74,26,19.5,4,1.813,99,2,104
SQL Server,1989,Active,Relational database management system (RDBMS),Microsoft,14,65,10,High,Critical,3489,140,50,78,80,20,15,7,3.489,65,0,140
Power BI,2013,Active,Business analytics service,Microsoft,14,118,14,Low,On Track,1207,140,30,141.6,72,28,21,7,1.207,82,2,196
Windows Server,2003,Active,Operating system for servers,Microsoft,13,61,11,Medium,Delayed,4306,130,45,73.2,78,22,16.5,6,4.306,61,1,143
Microsoft Surface,2012,Active,Line of personal computing devices,Microsoft,9,74,12,High,Delayed,350,90,40,88.8,76,24,18,4,0.35,74,1,108
Microsoft Flight Simulator,1982,Active,Flight simulation software,Microsoft,3,101,1,Medium,Critical,2530,30,95,121.2,98,2,1.5,1,2.53,99,0,3
Microsoft Defender,2006,Active,Antivirus and antimalware software,Microsoft,3,102,9,Low,Delayed,2154,30,55,122.4,82,18,13.5,1,2.154,98,1,27
Visual Studio Code,2015,Active,Source-code editor,Microsoft,15,72,5,Low,On Track,558,150,75,86.4,90,10,7.5,7,0.558,72,2,75
Microsoft Access,1992,Active,Database management system (DBMS),Microsoft,11,65,2,Low,Delayed,307,110,90,78,96,4,3,5,0.307,65,1,22
Microsoft Visio,1992,Active,Diagramming and vector graphics application,Microsoft,5,106,2,Low,On Track,999,50,90,127.2,96,4,3,2,0.999,94,2,10
Microsoft SharePoint,2001,Active,Collaborative platform for document management and storage,Microsoft,9,88,14,Low,On Track,3561,90,30,105.6,72,28,21,4,3.561,88,2,126
Microsoft Exchange Server,1993,Active,"Email, calendaring, and contact management server",Microsoft,8,102,8,Medium,Delayed,3485,80,60,122.4,84,16,12,4,3.485,98,1,64
Microsoft Power Platform,2019,Active,"Suite of applications, connectors, and a data platform for automating workflows",Microsoft,10,91,6,Low,Critical,121,100,70,109.2,88,12,9,5,0.121,91,0,60
Microsoft HoloLens,2016,Active,Augmented reality headset,Microsoft,11,107,4,Low,Delayed,509,110,80,128.4,92,8,6,5,0.509,93,1,44
Microsoft To Do,2017,Active,Task management app,Microsoft,7,88,11,Medium,On Track,994,70,45,105.6,78,22,16.5,3,0.994,88,2,77
Minecraft,2011,Active,Sandbox video game,Microsoft,3,63,9,Low,On Track,614,30,55,75.6,82,18,13.5,1,0.614,63,2,27
LinkedIn,2002,Active,Professional networking platform,Microsoft,12,54,6,High,Delayed,4209,120,70,64.8,88,12,9,6,4.209,54,1,72
Microsoft Edge (Chromium),2020,Active,Web browser (Chromium-based version),Microsoft,14,84,8,Medium,Critical,2234,140,60,100.8,84,16,12,7,2.234,84,0,112
Microsoft Power Automate,2016 (as Microsoft Flow),Active,Workflow automation tool,Microsoft,17,67,0,Low,Critical,3695,170,100,80.4,100,0,0,8,3.695,67,0,0
GitHub,2008,Active,Web-based hosting service for version control using Git,Meta,11,58,6,Medium,On Track,3056,110,70,69.6,88,12,9,5,3.056,58,2,66
Facebook,2004,Active,Social networking platform,Meta,19,107,5,Medium,On Track,1660,190,75,128.4,90,10,7.5,9,1.66,93,2,95
Instagram,2010,Active,Photo and video sharing platform,Meta,19,66,9,Medium,Critical,1366,190,55,79.2,82,18,13.5,9,1.366,66,0,171
WhatsApp,2009,Active,Messaging and voice over IP (VoIP) service,Meta,14,56,13,Low,Delayed,2269,140,35,67.2,74,26,19.5,7,2.269,56,1,182
Oculus Rift,2016,Active,Virtual reality headset,Meta,9,95,11,Low,On Track,3738,90,45,114,78,22,16.5,4,3.738,95,2,99
Oculus Quest,2019,Active,All-in-one virtual reality system,Meta,4,62,8,Medium,On Track,849,40,60,74.4,84,16,12,2,0.849,62,2,32
Oculus Go,2018,Discontinued,Standalone virtual reality headset,Meta,5,89,0,Low,Critical,3527,50,100,106.8,100,0,0,2,3.527,89,0,0
Portal,2018,Active,Smart display and video calling device,Meta,19,91,12,Low,Delayed,4880,190,40,109.2,76,24,18,9,4.88,91,1,228
Workplace by Facebook,2016,Active,Enterprise collaboration platform,Meta,7,58,3,Low,Critical,2027,70,85,69.6,94,6,4.5,3,2.027,58,0,21
Facebook Messenger,2011,Active,Instant messaging and video calling,Meta,19,99,8,Medium,Delayed,3904,190,60,118.8,84,16,12,9,3.904,99,1,152
Facebook Gaming,2018,Active,Gaming platform for live streaming,Meta,19,76,3,Low,Delayed,3802,190,85,91.2,94,6,4.5,9,3.802,76,1,57
Facebook Watch,2017,Active,Video-on-demand service,Meta,19,115,9,High,Delayed,2456,190,55,138,82,18,13.5,9,2.456,85,1,171
Novi (formerly Calibra),2019,Active,Digital wallet for the Libra (Diem) cryptocurrency,Meta,4,54,2,Medium,On Track,4890,40,90,64.8,96,4,3,2,4.89,54,2,8
Facebook Horizon,2020,Active (Beta),Social virtual reality (VR) world,Meta,4,78,8,High,Critical,2435,40,60,93.6,84,16,12,2,2.435,78,0,32
Spark AR Studio,2015,Active,Augmented reality (AR) creation platform,Meta,7,86,12,High,Critical,406,70,40,103.2,76,24,18,3,0.406,86,0,84
Facebook Dating,2019,Active,Online dating service within the Facebook app,Meta,3,87,1,High,Delayed,3765,30,95,104.4,98,2,1.5,1,3.765,87,1,3
Oculus Link,2019,Active,Software feature for connecting Oculus Quest to a PC for high-end VR experiences,Meta,3,57,14,High,On Track,2089,30,30,68.4,72,28,21,1,2.089,57,2,42
Instagram Reels,2020,Active,Short-form video content on Instagram,Meta,4,114,3,Low,On Track,761,40,85,136.8,94,6,4.5,2,0.761,86,2,12
Facebook Shops,2020,Active,E-commerce platform integrated with Facebook and Instagram,Meta,14,66,14,Medium,Critical,4744,140,30,79.2,72,28,21,7,4.744,66,0,196
Oculus Move,2020,Active,Fitness tracking for Oculus VR users,Meta,8,94,5,Low,On Track,411,80,75,112.8,90,10,7.5,4,0.411,94,2,40
Facebook Horizon Workrooms,2021,Active,Virtual reality meeting and collaboration space,Meta,6,53,1,Low,On Track,3020,60,95,63.6,98,2,1.5,3,3.02,53,2,6
Meta Quest,2021,Active,All-in-one virtual reality system (rebranded Oculus Quest),Meta,13,85,14,Medium,Delayed,1182,130,30,102,72,28,21,6,1.182,85,1,182
Facebook Meta,2021,Active,"Parent company overseeing Facebook, Instagram, WhatsApp, and other products",Meta,19,119,7,Medium,On Track,3071,190,65,142.8,86,14,10.5,9,3.071,81,2,133
Meta Horizon Venues,2019,Active,Virtual reality spaces for events and gatherings,Meta,8,80,7,Low,Delayed,854,80,65,96,86,14,10.5,4,0.854,80,1,56
Oculus Air Link,2021,Active,Wireless PC connection for Oculus Quest 2,Meta,7,68,0,Medium,Critical,4230,70,100,81.6,100,0,0,3,4.23,68,0,0
Meta Business Suite,2021,Active,Social media management tools for businesses,Meta,4,110,11,High,On Track,4640,40,45,132,78,22,16.5,2,4.64,90,2,44
Meta Quest 2,2020,Active,All-in-one virtual reality system (successor to Oculus Quest),Meta,8,103,2,Medium,Critical,452,80,90,123.6,96,4,3,4,0.452,97,0,16
Meta Quest Pro,Expected in 2022,Upcoming,Upcoming professional-grade virtual reality headset,Meta,13,88,9,Medium,Critical,1002,130,55,105.6,82,18,13.5,6,1.002,88,0,117
Google Search,1997,Active,Web search engine,Google,18,68,8,High,On Track,3988,180,60,81.6,84,16,12,9,3.988,68,2,144
Gmail,2004,Active,Email service,Google,18,88,4,High,On Track,258,180,80,105.6,92,8,6,9,0.258,88,2,72
Google Maps,2005,Active,Mapping and navigation,Google,3,116,5,Medium,Critical,2077,30,75,139.2,90,10,7.5,1,2.077,84,0,15
YouTube,2005,Active,Video sharing platform,Google,11,94,3,High,On Track,1056,110,85,112.8,94,6,4.5,5,1.056,94,2,33
Google Docs,2006,Active,Online document editing and collaboration,Google,8,62,9,High,Delayed,2171,80,55,74.4,82,18,13.5,4,2.171,62,1,72
Google Calendar,2006,Active,Online calendar,Google,18,107,1,High,Delayed,503,180,95,128.4,98,2,1.5,9,0.503,93,1,18
Google Chrome,2008,Active,Web browser,Google,5,69,10,Low,On Track,4711,50,50,82.8,80,20,15,2,4.711,69,2,50
Google Drive,2012,Active,Cloud storage and file synchronization,Google,6,110,7,Low,Critical,2879,60,65,132,86,14,10.5,3,2.879,90,0,42
Google+ (discontinued),2011,Discontinued,Social networking service,Google,5,88,10,Low,On Track,1487,50,50,105.6,80,20,15,2,1.487,88,2,50
Google Photos,2015,Active,Photo and video storage and sharing,Google,9,50,12,Low,On Track,3553,90,40,60,76,24,18,4,3.553,50,2,108
Google Assistant,2016,Active,Virtual assistant,Google,11,52,5,Medium,Critical,1055,110,75,62.4,90,10,7.5,5,1.055,52,0,55
Google Home,2016,Active,Smart speaker,Google,3,111,4,Medium,Critical,1812,30,80,133.2,92,8,6,1,1.812,89,0,12
Google Pixel,2016,Active,Line of consumer electronic devices,Google,10,112,8,High,Delayed,4803,100,60,134.4,84,16,12,5,4.803,88,1,80
Google Duo,2016,Active,Video chat app,Google,9,74,0,Low,Critical,1373,90,100,88.8,100,0,0,4,1.373,74,0,0
Google Allo (discontinued),2016,Discontinued,Messaging app with virtual assistant,Google,10,105,4,High,Delayed,3911,100,80,126,92,8,6,5,3.911,95,1,40
Google Podcasts,2018,Active,Podcast player and app,Google,3,82,5,Medium,Critical,2725,30,75,98.4,90,10,7.5,1,2.725,82,0,15
Google Stadia,2019,Active,Cloud gaming service,Google,13,87,4,Medium,On Track,2482,130,80,104.4,92,8,6,6,2.482,87,2,52
Google Meet,2017,Active,Video conferencing service,Google,12,55,5,High,Delayed,1541,120,75,66,90,10,7.5,6,1.541,55,1,60
Google Classroom,2014,Active,Online learning platform for schools,Google,5,107,5,Medium,Delayed,3079,50,75,128.4,90,10,7.5,2,3.079,93,1,25
Google Earth,2001,Active,"Virtual globe, map, and geographical information",Google,9,93,6,Low,Delayed,1897,90,70,111.6,88,12,9,4,1.897,93,1,54
Google Translate,2006,Active,Language translation service,Google,18,94,3,High,On Track,4490,180,85,112.8,94,6,4.5,9,4.49,94,2,54
Google Photos,2015,Active,Photo and video storage and sharing,Google,18,81,13,Low,On Track,4109,180,35,97.2,74,26,19.5,9,4.109,81,2,234
Google News,2002,Active,News aggregator,Google,19,94,10,Low,On Track,4950,190,50,112.8,80,20,15,9,4.95,94,2,190
Google Fit,2014,Active,Health tracking platform,Google,4,110,13,High,On Track,1494,40,35,132,74,26,19.5,2,1.494,90,2,52
Google Pay,2011 (as Google Wallet),Active,Digital wallet and payment service,Google,3,96,13,Low,On Track,4381,30,35,115.2,74,26,19.5,1,4.381,96,2,39
Google Trends,2006,Active,Search trends analysis,Google,18,70,13,Medium,Delayed,1369,180,35,84,74,26,19.5,9,1.369,70,1,234
Google Analytics,2005,Active,Web analytics service,Google,14,85,14,Low,On Track,4832,140,30,102,72,28,21,7,4.832,85,2,196
Google AdWords (rebranded as Google Ads),2000,Active,Online advertising platform,Google,7,68,7,High,Delayed,3814,70,65,81.6,86,14,10.5,3,3.814,68,1,49
Google Cloud Platform,2008,Active,Cloud computing services,Google,7,69,6,Low,On Track,629,70,70,82.8,88,12,9,3,0.629,69,2,42
Google Nest,2011 (as Nest Labs),Active,Smart home products,Google,11,106,8,High,Critical,3723,110,60,127.2,84,16,12,5,3.723,94,0,88
Google Workspace,2006 (as Google Apps),Active,"Suite of cloud computing, productivity, and collaboration tools",Google,11,67,6,Medium,Delayed,3058,110,70,80.4,88,12,9,5,3.058,67,1,66
Douyin (TikTok in international markets),2016,Active,Short-form video platform,Byte Dance,5,96,2,Low,Critical,3014,50,90,115.2,96,4,3,2,3.014,96,0,10
Toutiao (Today's Headlines),2012,Active,News and information platform,Byte Dance,18,98,2,Medium,Delayed,4989,180,90,117.6,96,4,3,9,4.989,98,1,36
Xigua Video (TopBuzz Video),2016,Active,Short-form video and news platform,Byte Dance,18,63,14,High,Critical,3691,180,30,75.6,72,28,21,9,3.691,63,0,252
Helo,2018,Active,Social media platform for global markets,Byte Dance,5,64,7,Low,On Track,2247,50,65,76.8,86,14,10.5,2,2.247,64,2,35
Vigo Video (Flipagram),2017,Merged with TikTok,Short-form video platform,Byte Dance,3,80,4,Low,On Track,4673,30,80,96,92,8,6,1,4.673,80,2,12
Jinri Toutiao (TouTiao),2012,Active,News and content aggregator,Byte Dance,13,50,3,Low,On Track,3469,130,85,60,94,6,4.5,6,3.469,50,2,39
Douyin Huoshan,2018,Active,Short-form video app,Byte Dance,19,103,7,Medium,Delayed,1039,190,65,123.6,86,14,10.5,9,1.039,97,1,133
Douyin Xigua,2020,Active,Short-form video app,Byte Dance,10,52,14,Medium,Critical,625,100,30,62.4,72,28,21,5,0.625,52,0,140
Feishu (Lark in international markets),2018,Active,Collaboration and productivity platform,Byte Dance,6,65,5,Medium,On Track,101,60,75,78,90,10,7.5,3,0.101,65,2,30
Douyin Pipixia,2020,Active,Short-form video app,Byte Dance,8,106,1,Low,Critical,474,80,95,127.2,98,2,1.5,4,0.474,94,0,8
Xigua Qutoutiao,2015,Active,News and content aggregator,Byte Dance,10,61,3,Low,Critical,2440,100,85,73.2,94,6,4.5,5,2.44,61,0,30
TopBuzz,2015,Merged with TikTok,Content discovery platform,Byte Dance,5,65,11,Medium,On Track,4105,50,45,78,78,22,16.5,2,4.105,65,2,55
News Republic,2008,Acquired by ByteDance in 2017,News aggregator,Byte Dance,18,73,10,Low,On Track,3152,180,50,87.6,80,20,15,9,3.152,73,2,180
BaBe (Acquired by ByteDance),2016,Acquired,Indonesian news aggregator,Byte Dance,5,77,3,Low,Critical,4748,50,85,92.4,94,6,4.5,2,4.748,77,0,15
Huoshan Video,2017,Discontinued,Short-form video app,Byte Dance,16,57,14,High,On Track,2465,160,30,68.4,72,28,21,8,2.465,57,2,224
Flipchat,2017,Discontinued,Video chat app,Byte Dance,4,85,5,Medium,On Track,1625,40,75,102,90,10,7.5,2,1.625,85,2,20
Hypstar (Vigo Video),2016,Merged with TikTok,Short-form video app,Byte Dance,5,57,5,Medium,On Track,4576,50,75,68.4,90,10,7.5,2,4.576,57,2,25
Ulike,2017,Active,Beauty and makeup app,Byte Dance,18,107,0,High,Delayed,1746,180,100,128.4,100,0,0,9,1.746,93,1,0
CapCut (Viamaker),2018,Active,Video editing app,Byte Dance,11,109,13,Medium,Critical,113,110,35,130.8,74,26,19.5,5,0.113,91,0,143
Lark Meetings,2019,Active,Video conferencing and collaboration app,Byte Dance,6,99,7,High,Critical,4699,60,65,118.8,86,14,10.5,3,4.699,99,0,42
FaceU,2016,Active,Augmented reality (AR) photo and video app,Byte Dance,3,77,5,Low,Delayed,2378,30,75,92.4,90,10,7.5,1,2.378,77,1,15
Xigua Guoke,2020,Active,Knowledge-sharing platform,Byte Dance,6,90,2,Low,Critical,3255,60,90,108,96,4,3,3,3.255,90,0,12
Worktrans,2018,Active,HR and workplace management platform,Byte Dance,3,113,13,Low,On Track,229,30,35,135.6,74,26,19.5,1,0.229,87,2,39
Volcano Engine,2019,Active,Real-time 3D rendering engine,Byte Dance,16,76,8,Low,Critical,3914,160,60,91.2,84,16,12,8,3.914,76,0,128
Watermelon Video,2017,Active,Short-form video app,Byte Dance,18,112,1,Medium,On Track,3316,180,95,134.4,98,2,1.5,9,3.316,88,2,18
BytePlus,2019,Active,AI-driven content recommendation platform,Byte Dance,10,66,14,Low,Delayed,3038,100,30,79.2,72,28,21,5,3.038,66,1,140
Pipixia,2016,Active,News and content aggregator,Byte Dance,9,82,10,Low,On Track,4028,90,50,98.4,80,20,15,4,4.028,82,2,90
Baidu Search,2000,Active,Search engine,Baidu,5,78,7,Low,Critical,2140,50,65,93.6,86,14,10.5,2,2.14,78,0,35
Baidu Maps,2005,Active,Mapping and navigation,Baidu,19,62,9,Low,Critical,127,190,55,74.4,82,18,13.5,9,0.127,62,0,171
Baidu Baike (Baidu Encyclopedia),2006,Active,Chinese-language online encyclopedia,Baidu,3,95,2,Medium,Critical,2213,30,90,114,96,4,3,1,2.213,95,0,6
Baidu Cloud,2012,Active,Cloud storage and services,Baidu,18,84,12,Low,Delayed,1352,180,40,100.8,76,24,18,9,1.352,84,1,216
Baidu Tieba,2003,Active,Online community and forum platform,Baidu,14,55,11,Medium,Delayed,4456,140,45,66,78,22,16.5,7,4.456,55,1,154
Baidu Zhidao (Baidu Knows),2005,Active,Question-and-answer platform,Baidu,16,118,4,Low,Critical,2146,160,80,141.6,92,8,6,8,2.146,82,0,64
Baidu Pan (Baidu Cloud Drive),2012,Active,Cloud storage service,Baidu,8,96,5,Medium,On Track,4655,80,75,115.2,90,10,7.5,4,4.655,96,2,40
Baidu Wangpan (Baidu Netdisk),2012,Active,File hosting and sharing service,Baidu,8,74,9,High,Delayed,4123,80,55,88.8,82,18,13.5,4,4.123,74,1,72
Baidu Video,2012,Active,Video hosting and streaming service,Baidu,15,115,5,Low,Critical,4496,150,75,138,90,10,7.5,7,4.496,85,0,75
Baidu Image Search,2011,Active,Image search engine,Baidu,10,59,3,Medium,Critical,3474,100,85,70.8,94,6,4.5,5,3.474,59,0,30
Baidu News,2005,Active,News aggregator,Baidu,4,105,2,Low,Delayed,3566,40,90,126,96,4,3,2,3.566,95,1,8
Baidu Wenku (Baidu Library),2009,Active,Online document sharing platform,Baidu,3,79,3,Low,Delayed,3181,30,85,94.8,94,6,4.5,1,3.181,79,1,9
Baidu Baijiahao,2016,Active,Content creation and publishing platform,Baidu,17,54,0,High,Delayed,3878,170,100,64.8,100,0,0,8,3.878,54,1,0
Baidu Yun (Baidu Cloud),2013,Active,Cloud computing and artificial intelligence services,Baidu,3,82,3,Low,On Track,729,30,85,98.4,94,6,4.5,1,0.729,82,2,9
Baidu Mobile Assistant,2010,Active,Android app store,Baidu,7,114,0,Low,On Track,369,70,100,136.8,100,0,0,3,0.369,86,2,0
Baidu Translate,2014,Active,Language translation service,Baidu,18,67,11,Medium,Critical,2739,180,45,80.4,78,22,16.5,9,2.739,67,0,198
Baidu Input Method,2008,Active,Chinese and English input method for mobile devices,Baidu,6,98,14,Low,Delayed,2093,60,30,117.6,72,28,21,3,2.093,98,1,84
Baidu Wallet,2014,Active,Mobile payment and financial services,Baidu,5,60,0,High,On Track,2991,50,100,72,100,0,0,2,2.991,60,2,0
Baidu Tieba (Mobile),2008,Active,Mobile version of Baidu Tieba online community,Baidu,19,75,9,Low,Delayed,3532,190,55,90,82,18,13.5,9,3.532,75,1,171
Baidu Haokan,2018,Active,Short-form video platform,Baidu,19,112,13,High,Critical,1380,190,35,134.4,74,26,19.5,9,1.38,88,0,247
Baidu DuerOS,2015,Active,Conversational AI platform,Baidu,14,108,5,Medium,On Track,2460,140,75,129.6,90,10,7.5,7,2.46,92,2,70
Apollo (Baidu Apollo),2017,Active,Autonomous driving platform,Baidu,16,76,4,Medium,On Track,675,160,80,91.2,92,8,6,8,0.675,76,2,64
Baidu Cloud Intelligent Speech,2014,Active,Speech recognition and synthesis technology,Baidu,8,98,13,High,On Track,1407,80,35,117.6,74,26,19.5,4,1.407,98,2,104
Baidu Facial Recognition,2015,Active,Facial recognition technology,Baidu,5,82,10,Low,Critical,3292,50,50,98.4,80,20,15,2,3.292,82,0,50
Baidu Cloud AI Open Platform,2016,Active,Artificial intelligence (AI) development platform,Baidu,11,50,14,High,Delayed,3278,110,30,60,72,28,21,5,3.278,50,1,154
Baidu Maps (International),2010,Active,International version of Baidu Maps,Baidu,7,70,3,Low,On Track,2834,70,85,84,94,6,4.5,3,2.834,70,2,21
Baidu Baike (International),2006,Active,International version of Baidu Baike (Baidu Encyclopedia),Baidu,19,104,12,Low,Critical,2312,190,40,124.8,76,24,18,9,2.312,96,0,228
Baidu Wallet (International),2016,Active,International version of Baidu Wallet,Baidu,16,55,10,Low,Delayed,2452,160,50,66,80,20,15,8,2.452,55,1,160
Baidu Music,2011,Active,Music streaming service,Baidu,5,118,2,Medium,Critical,3668,50,90,141.6,96,4,3,2,3.668,82,0,10
Baidu Knows (International),2005,Active,International version of Baidu Zhidao (Baidu Knows),Baidu,3,54,0,Low,Delayed,1755,30,100,64.8,100,0,0,1,1.755,54,1,0
Baidu Encyclopedia (International),2010,Active,International version of Baidu Baike (Baidu Encyclopedia),Baidu,3,52,5,High,Critical,1679,30,75,62.4,90,10,7.5,1,1.679,52,0,15
Macintosh,1984,Active,Personal computer,Apple,5,102,1,High,Delayed,2303,50,95,122.4,98,2,1.5,2,2.303,98,1,5
iPhone,2007,Active,Smartphone,Apple,12,72,7,High,On Track,1490,120,65,86.4,86,14,10.5,6,1.49,72,2,84
iPad,2010,Active,Tablet computer,Apple,5,102,9,Low,Delayed,1842,50,55,122.4,82,18,13.5,2,1.842,98,1,45
MacBook Air,2008,Active,Lightweight laptop,Apple,10,86,4,Medium,Critical,2025,100,80,103.2,92,8,6,5,2.025,86,0,40
MacBook Pro,2006,Active,High-performance laptop,Apple,16,66,6,Low,Critical,719,160,70,79.2,88,12,9,8,0.719,66,0,96
iMac,1998,Active,All-in-one desktop computer,Apple,17,50,9,Low,Delayed,1374,170,55,60,82,18,13.5,8,1.374,50,1,153
Mac Pro,2006,Active,High-end desktop computer,Apple,4,100,11,Low,On Track,1056,40,45,120,78,22,16.5,2,1.056,100,2,44
iPod,2001,Discontinued,Portable media player,Apple,12,94,1,Low,On Track,2039,120,95,112.8,98,2,1.5,6,2.039,94,2,12
iTunes (discontinued),2001,Discontinued,"Media player, media library, and online store",Apple,4,53,12,Medium,,4053,40,40,63.6,76,24,18,2,4.053,53,1,48
Apple Watch,2015,Active,Smartwatch with health and fitness features,Apple,19,111,7,Medium,Delayed,2481,190,65,133.2,86,14,10.5,9,2.481,89,1,133
Apple TV,2007,Active,Digital media player and streaming device,Apple,10,114,1,Low,Critical,1068,100,,136.8,98,2,1.5,5,1.068,86,0,10
AirPods,2016,Active,Wireless earbuds,Apple,3,81,3,Low,On Track,1416,30,85,97.2,94,6,4.5,1,1.416,81,2,9
HomePod,2018,Discontinued,Smart speaker with virtual assistant,Apple,11,83,0,Low,Delayed,1143,110,100,99.6,100,0,0,5,1.143,83,1,0
Apple Music,2015,Active,Music streaming service,Apple,13,88,14,Low,On Track,381,130,30,105.6,72,28,21,6,0.381,88,2,182
Apple Pay,2014,Active,Mobile payment and digital wallet service,Apple,18,75,4,High,Delayed,2944,180,80,90,92,8,6,9,2.944,75,1,72
Apple Card,2019,Active,Credit card issued by Apple,Apple,9,83,8,Low,Delayed,1158,90,60,99.6,84,16,12,4,1.158,83,1,72
macOS (formerly OS X),2001,Active,Operating system for Mac computers,Apple,12,103,0,Low,On Track,4393,120,100,123.6,100,0,0,6,4.393,97,2,0
iOS,2007,Active,"Operating system for iPhone, iPad, and iPod Touch",Apple,5,52,8,Low,Delayed,2632,50,60,62.4,84,16,12,2,2.632,52,1,40
iPadOS,2019,Active,Operating system specifically for iPad,Apple,15,99,10,High,Delayed,3928,150,50,118.8,80,20,15,7,3.928,99,1,150
watchOS,2015,Active,Operating system for Apple Watch,Apple,9,61,14,High,Critical,1108,90,30,73.2,72,28,21,4,1.108,61,0,126
tvOS,2015,Active,Operating system for Apple TV,Apple,6,114,7,Medium,Delayed,1329,60,65,136.8,86,14,10.5,3,1.329,86,1,42
Safari,2003,Active,Web browser,Apple,15,103,5,Medium,Delayed,1135,150,75,123.6,90,10,7.5,7,1.135,97,1,75
iWork,2005,Active,"Productivity suite including Pages, Numbers, and Keynote",Apple,3,54,6,Medium,Delayed,4685,30,70,64.8,88,12,9,1,4.685,54,1,18
iLife (discontinued),2003,Discontinued,"Suite of multimedia software (iPhoto, iMovie, GarageBand)",Apple,10,106,2,Low,Critical,375,100,90,127.2,96,4,3,5,0.375,94,0,20
Final Cut Pro,1999,Active,Video editing software,Apple,16,66,13,High,On Track,2840,160,35,79.2,74,26,19.5,8,2.84,66,2,208
Logic Pro,1990,Active,Digital audio workstation,Apple,18,96,14,Medium,Critical,2389,180,30,115.2,72,28,21,9,2.389,96,0,252
GarageBand,2004,Active,Music creation software,Apple,16,72,0,Medium,Critical,1339,160,100,86.4,100,0,0,8,1.339,72,0,0
iCloud,2011,Active,Cloud storage and cloud computing service,Apple,14,63,4,Medium,On Track,225,140,80,75.6,92,8,6,7,0.225,63,2,56
App Store,2008,Active,Digital distribution platform for software on iOS,Apple,17,115,13,Medium,Critical,4165,170,35,138,74,26,19.5,8,4.165,85,0,221
Apple News,2015,Active,News aggregator and digital newsstand,Apple,4,100,11,Medium,On Track,4412,40,45,120,78,22,16.5,2,4.412,100,2,44
Apple Fitness+,2020,Active,Fitness service with guided workouts,Apple,4,87,11,High,Critical,3968,40,45,104.4,78,22,16.5,2,3.968,87,0,44
Apple Arcade,2019,Active,Game subscription service,Apple,19,113,1,High,On Track,1308,190,95,135.6,98,2,1.5,9,1.308,87,2,19
Apple One,2020,Active,Bundle of Apple's subscription services,Apple,12,87,13,Medium,Delayed,3349,120,35,104.4,74,26,19.5,6,3.349,87,1,156
Apple Silicon,2020,Active,Transition from Intel processors to Apple-designed processors for Macs,Apple,8,99,4,Medium,Critical,1018,80,80,118.8,92,8,6,4,1.018,99,0,32
AirTag,2021,Active,Item tracker using the Find My network,Apple,17,79,7,Low,Critical,4023,170,65,94.8,86,14,10.5,8,4.023,79,0,119
Apple Podcasts,2005,Active,Podcast directory and streaming service,Apple,13,100,10,Medium,Critical,4503,130,50,120,80,20,15,6,4.503,100,0,130
MagSafe,2006,Active,Proprietary magnet-based charging technology,Apple,7,112,8,Low,Critical,2069,70,60,134.4,84,16,12,3,2.069,88,0,56